[
  
  {
    "Name": "Louann Holzworth",
    "BirthDate": "01/10/1960",
    "IsYoungDriver": false
  },
  {
    "Name": "Donnetta Soliz",
    "BirthDate": "01/10/1963",
    "IsYoungDriver": true
  },
  {
    "Name": "Rema Revelle",
    "BirthDate": "01/05/1970",
    "IsYoungDriver": true
  },
  {
    "Name": "Carri Knapik",
    "BirthDate": "02/02/1972",
    "IsYoungDriver": true
  },
  {
    "Name": "Garret Capron",
    "BirthDate": "01/07/1975",
    "IsYoungDriver": false
  },
  {
    "Name": "Teddy Hobby",
    "BirthDate": "01/10/1975",
    "IsYoungDriver": true
  },
  {
    "Name": "Audrea Cardinal",
    "BirthDate": "01/10/1976",
    "IsYoungDriver": false
  },
  {
    "Name": "Francis Mckim",
    "BirthDate": "01/10/1977",
    "IsYoungDriver": true
  },
  {
    "Name": "Brett Brickley",
    "BirthDate": "01/10/1980",
    "IsYoungDriver": true
  },
  {
    "Name": "Kristian Engberg",
    "BirthDate": "03/10/1981",
    "IsYoungDriver": false
  },
  {
    "Name": "Hipolito Lamoreaux",
    "BirthDate": "01/08/1982",
    "IsYoungDriver": true
  },
  {
    "Name": "Zada Attwood",
    "BirthDate": "01/10/1982",
    "IsYoungDriver": true
  },
  {
    "Name": "Sylvie Mcelravy",
    "BirthDate": "01/10/1983",
    "IsYoungDriver": false
  },
  {
    "Name": "Rico Peer",
    "BirthDate": "01/10/1984",
    "IsYoungDriver": true
  },
  {
    "Name": "Hai Everton",
    "BirthDate": "01/10/1985",
    "IsYoungDriver": true
  },
  {
    "Name": "Lino Subia",
    "BirthDate": "21/12/1985",
    "IsYoungDriver": false
  },
  {
    "Name": "Jimmy Grossi",
    "BirthDate": "01/07/1986",
    "IsYoungDriver": true
  },
  {
    "Name": "Carole Witman",
    "BirthDate": "01/10/1987",
    "IsYoungDriver": false
  },
  {
    "Name": "Oren Perlman",
    "BirthDate": "01/10/1988",
    "IsYoungDriver": true
  },
  {
    "Name": "Marcelle Griego",
    "BirthDate": "04/10/1990",
    "IsYoungDriver": true
  },
  {
    "Name": "Natalie Poli",
    "BirthDate": "04/10/1990",
    "IsYoungDriver": false
  },
  {
    "Name": "Yvonne Mccalla",
    "BirthDate": "02/03/1992",
    "IsYoungDriver": true
  },
  {
    "Name": "Ann Mcenaney",
    "BirthDate": "02/03/1992",
    "IsYoungDriver": true
  },
  {
    "Name": "Cinthia Lasala",
    "BirthDate": "01/11/1992",
    "IsYoungDriver": true
  },
  {
    "Name": "Emmitt Benally",
    "BirthDate": "20/11/1993",
    "IsYoungDriver": true
  },
  {
    "Name": "Nisha Markwell",
    "BirthDate": "04/04/1994",
    "IsYoungDriver": false
  },
  {
    "Name": "Faustina Burgher",
    "BirthDate": "01/06/1994",
    "IsYoungDriver": false
  },
  {
    "Name": "Taina Achenbach",
    "BirthDate": "01/10/1994",
    "IsYoungDriver": false
  },
  {
    "Name": "Johnette Derryberry",
    "BirthDate": "01/10/1995",
    "IsYoungDriver": true
  },
  {
    "Name": "Daniele Zarate",
    "BirthDate": "05/10/1995",
    "IsYoungDriver": false
  }
]